deployment-mechanism,trial-number,start-time,cpu-cycles,instructions,cache-misses,cache-references,bus-cycles,page-faults,branch-instructions,branch-misses,major-faults,minor-faults,avg-memory-over-time-in-bytes,max-memory-over-time-in-bytes,CPU-total-utilization-percentage,CPU-user-utilization-percentage,CPU-system-utilization-percentage
docker_container,1,2025-03-30T19:54:51.946783+00:00,31210601616.0,33347102449.0,34126540.0,5869159734.0,14810245348.0,17222.0,5477657490.0,157273557.0,537.0,16685.0,101938380.8,129200128.0,38.73,36.86,1.82
docker_container_and_daemon,1,2025-03-30T19:54:51.946783+00:00,31662760890.74,33559493016.13,35383036.77,5970363212.34,15082137107.32,20455.28,5526854533.38,160516300.66,542.48,19901.37,142963544.44,233955328.0,39.129999999999995,37.03,2.06
docker_container_and_daemon_extra_overhead,1,2025-03-30T19:54:51.946783+00:00,31662068071.74,33559421445.13,35379768.77,5970352238.34,15081844027.32,20455.28,5526453558.38,160516300.66,542.48,19901.37,105837400.44,129200128.0,39.129999999999995,37.03,2.06
wasm_aot,1,2025-03-30T19:56:02.869108+00:00,23735723433.0,23733835745.0,29074897.0,4317038323.0,10897186522.0,33306.0,3461575648.0,157167580.0,728.0,32578.0,141468672.0,180719616.0,36.17,34.41,1.73
wasm_interpreted,1,2025-03-30T19:56:37.256495+00:00,85648578464.0,77047260063.0,50463500.0,37253382377.0,41191331087.0,40719.0,9122522274.0,571537278.0,18.0,40701.0,96760307.51,118554624.0,27.85,27.6,0.25
wasm_interpreted,2,2025-03-30T19:58:01.718722+00:00,108388586327.0,85512718882.0,61477845.0,37746022774.0,42369900192.0,39514.0,8219131426.0,526445847.0,44.0,39470.0,117211322.18,140652544.0,27.72,27.43,0.28
docker_container,2,2025-03-30T19:59:27.568414+00:00,32859190419.0,38536884174.0,41937725.0,7090679000.0,16778060989.0,18683.0,6570352309.0,175158820.0,533.0,18151.0,92724906.67,113205248.0,42.82,40.77,2.05
docker_container_and_daemon,2,2025-03-30T19:59:27.568414+00:00,33631726565.35,39836148118.55,54707684.92,7764006793.42,17925464330.68,18913.51,6813397852.35,191282993.94,536.41,18374.7,129774104.38,217960448.0,43.04,40.88,2.1599999999999997
docker_container_and_daemon_extra_overhead,2,2025-03-30T19:59:27.568414+00:00,33223161344.35,39599488257.55,53648884.92,7647072795.42,17605464634.68,18868.51,6788777477.35,190249700.94,536.41,18329.7,95361969.98,113205248.0,42.92,40.77,2.1599999999999997
native,1,2025-03-30T20:00:17.819772+00:00,20805729420.0,22399312962.0,30006888.0,4085357619.0,11097545389.0,16834.0,3352472643.0,145546979.0,20.0,16814.0,61128704.0,79257600.0,57.44,54.49,1.65
wasm_aot,2,2025-03-30T20:00:48.141556+00:00,23653847298.0,24614823196.0,32870887.0,4906238334.0,13201219318.0,33145.0,4148451774.0,143583961.0,0.0,33145.0,73083562.67,97935360.0,61.72,58.74,2.05
wasm_interpreted,3,2025-03-30T20:01:18.255320+00:00,94114356761.0,82210774594.0,51142435.0,42807060209.0,48230890770.0,39814.0,10481083306.0,502008505.0,0.0,39814.0,108084676.47,126423040.0,28.96,28.81,0.15
wasm_interpreted,4,2025-03-30T20:02:45.627446+00:00,95607027029.0,92266007924.0,62601431.0,46371111862.0,41474790132.0,39869.0,10199130455.0,530354612.0,44.0,39825.0,112740441.04,131026944.0,29.94,29.7,0.24
wasm_interpreted,5,2025-03-30T20:04:14.291550+00:00,88766157469.0,74995672069.0,57859755.0,39849869149.0,48491440650.0,39117.0,10562690262.0,675654450.0,5.0,39112.0,104554131.91,126648320.0,30.76,30.42,0.33
docker_container,3,2025-03-30T20:05:42.544125+00:00,53259823324.0,67407736283.0,49775197.0,11349338740.0,24820306566.0,16295.0,10107341746.0,133514618.0,1.0,16292.0,63865287.11,71450624.0,46.3,44.35,1.93
docker_container_and_daemon,3,2025-03-30T20:05:42.544125+00:00,56374082797.48,69157638943.67,53522903.56,12226568528.28,27420371835.06,17595.43,10468169787.33,155159835.4,9.35,17577.82,100932266.67,176205824.0,46.57,44.46,2.09
docker_container_and_daemon_extra_overhead,3,2025-03-30T20:05:42.544125+00:00,56372716349.48,68132306796.67,53511564.56,11966717116.28,27419664701.06,17595.43,10359403632.33,155156313.4,9.35,17577.82,68078250.67,71450624.0,46.57,44.46,2.09
native,2,2025-03-30T20:06:46.289976+00:00,22913316624.0,24490244673.0,34030876.0,4862272363.0,12419925865.0,17770.0,4134303407.0,138324376.0,18.0,17752.0,50767579.43,61444096.0,61.91,59.72,1.57
wasm_aot,3,2025-03-30T20:07:17.302054+00:00,21730798601.0,22457618865.0,34248959.0,4618872364.0,11511655223.0,32993.0,3763374584.0,128295775.0,0.0,32993.0,74231222.86,95584256.0,51.4,49.16,1.77
docker_container,4,2025-03-30T20:07:48.342996+00:00,49908890223.0,62006549381.0,48785428.0,11383310951.0,25755909751.0,16399.0,10751378046.0,149389401.0,0.0,16299.0,65784263.11,73416704.0,49.93,47.69,2.23
docker_container_and_daemon,4,2025-03-30T20:07:48.342996+00:00,50574609818.26,63193555542.94,49589664.82,12215373837.95,26622084702.62,17081.6,11018330768.86,154288459.85,3.2,16976.26,104040180.28999999,178171904.0,50.11,47.73,2.37
docker_container_and_daemon_extra_overhead,4,2025-03-30T20:07:48.342996+00:00,49908890223.0,62201243900.94,48785428.0,12028855077.95,25755909751.0,17081.6,10751378046.0,153905937.85,3.2,16976.26,66520820.29,73416704.0,49.99,47.69,2.33
native,3,2025-03-30T20:08:48.833398+00:00,24086784640.0,27437828143.0,36213083.0,5374017438.0,12312994053.0,18559.0,3980368583.0,139297624.0,31.0,18528.0,66696923.43,71815168.0,60.95,59.52,1.23
native,4,2025-03-30T20:09:20.483735+00:00,23514464939.0,25395606897.0,34952033.0,4864656109.0,11211248507.0,18115.0,3379942640.0,133810442.0,0.0,18115.0,48825002.67,61394944.0,56.61,54.63,1.54
docker_container,5,2025-03-30T20:09:51.317045+00:00,56112193945.0,67725682153.0,47786003.0,12490685371.0,27700269244.0,17593.0,11058797917.0,154997327.0,0.0,17592.0,57425100.8,61980672.0,51.72,49.56,2.15
docker_container_and_daemon,5,2025-03-30T20:09:51.317045+00:00,57476192235.42,68859137817.25,54526391.42,13012778558.42,28790821116.58,17602.75,11284565164.33,163989757.42,0.0,17601.75,97686890.34,166735872.0,51.8,49.620000000000005,2.17
docker_container_and_daemon_extra_overhead,5,2025-03-30T20:09:51.317045+00:00,57473327832.42,68858216483.25,54505880.42,12819967874.42,28789495989.58,17602.75,11137745689.33,163964165.42,0.0,17601.75,58652010.339999996,61980672.0,51.8,49.620000000000005,2.17
wasm_interpreted,6,2025-03-30T20:10:55.434337+00:00,96399764418.0,98714529299.0,54693520.0,41166648523.0,42313469234.0,39886.0,9267264351.0,582755121.0,23.0,39863.0,97204451.56,118026240.0,29.87,29.93,0.34
wasm_aot,4,2025-03-30T20:12:25.103814+00:00,21884385415.0,22347980865.0,31498900.0,3801424740.0,9523373841.0,33351.0,3100938126.0,127505100.0,51.0,33300.0,79200256.0,107544576.0,44.93,42.83,1.63
docker_container,6,2025-03-30T20:12:57.570817+00:00,56803912931.0,72237010851.0,55674903.0,12934173659.0,28565650023.0,18756.0,11477000232.0,151565294.0,472.0,18282.0,87192166.4,96206848.0,49.28,46.83,2.45
docker_container_and_daemon,6,2025-03-30T20:12:57.570817+00:00,63626903657.69,76097829409.0,55923130.62,15183341186.19,32873645417.81,18846.31,12195389612.88,198963224.56,472.0,18372.31,126342457.22,200962048.0,49.34,46.839999999999996,2.49
docker_container_and_daemon_extra_overhead,6,2025-03-30T20:12:57.570817+00:00,63620690739.69,72830617683.0,55893866.62,13944699392.19,32869372072.81,18842.31,12032134887.88,198908944.56,472.0,18368.31,90076473.22,96206848.0,49.33,46.83,2.49
wasm_aot,5,2025-03-30T20:14:03.972731+00:00,24560642203.0,28400306908.0,35541038.0,5199519761.0,12763848038.0,33797.0,4468679694.0,150275727.0,4.0,33793.0,88110811.43,95838208.0,59.94,58.12,1.28
wasm_aot,6,2025-03-30T20:14:36.531323+00:00,24002140590.0,25038367283.0,34389055.0,4548950251.0,11866139764.0,33485.0,3823621586.0,157874564.0,43.0,33442.0,78913536.0,99835904.0,59.29,57.26,2.04
docker_container,7,2025-03-30T20:15:40.738115+00:00,53868785698.0,68071456398.0,50376773.0,12525874097.0,26822916245.0,16813.0,10863652036.0,138321331.0,120.0,16678.0,67552525.47,76234752.0,48.42,46.41,2.01
docker_container_and_daemon,7,2025-03-30T20:15:40.738115+00:00,57689243907.07,72529929350.53,50607922.87,14492821954.07,29012885789.53,16849.27,11582679706.4,152632125.67,120.0,16714.27,106226189.47,180989952.0,48.47,46.419999999999995,2.05
docker_container_and_daemon_extra_overhead,7,2025-03-30T20:15:40.738115+00:00,57684952076.07,72529191041.53,50587925.87,13559551177.07,26822916245.0,16849.27,11199748684.4,152603860.67,120.0,16714.27,71189005.47,76234752.0,48.47,46.419999999999995,2.05
wasm_interpreted,7,2025-03-30T20:16:46.416471+00:00,90317666349.0,91547061188.0,56564391.0,46874835411.0,42881496668.0,39913.0,11355325698.0,516423577.0,13.0,39900.0,103319637.33,124825600.0,30.94,30.6,0.34
wasm_aot,7,2025-03-30T20:18:19.559970+00:00,24650885117.0,25961570387.0,33297828.0,4926389045.0,11997394054.0,32948.0,4157446300.0,130674270.0,43.0,32905.0,90687780.57,110637056.0,47.2,45.53,1.6
docker_container,8,2025-03-30T20:18:52.751941+00:00,61777650407.0,75172999870.0,53574112.0,12926433061.0,28648865878.0,17583.0,11754543933.0,134983435.0,86.0,17495.0,63530598.4,68886528.0,51.87,49.73,2.14
docker_container_and_daemon,8,2025-03-30T20:18:52.751941+00:00,67140159814.14,78852142460.88,54247279.55,14488220470.34,32149053021.34,18477.31,12522036833.59,150157542.46,86.0,18388.26,102409375.28999999,173641728.0,52.0,49.779999999999994,2.22
docker_container_and_daemon_extra_overhead,8,2025-03-30T20:18:52.751941+00:00,67134654952.14,78850516359.88,54218734.55,14488075069.34,32146176056.34,18477.31,12521818297.59,150126874.46,86.0,18388.26,67368095.28999999,68886528.0,51.989999999999995,49.779999999999994,2.22
native,5,2025-03-30T20:20:00.136066+00:00,21526210239.0,24523659013.0,32164811.0,4440265361.0,10434187483.0,18455.0,3605015410.0,132116857.0,18.0,18437.0,52693869.71,64339968.0,52.28,50.51,1.73
wasm_aot,8,2025-03-30T20:20:31.663720+00:00,22086208067.0,24209889797.0,33739727.0,4907640991.0,12634891794.0,32942.0,4134600291.0,140231340.0,0.0,32942.0,72416109.71,95682560.0,52.59,50.49,1.75
native,6,2025-03-30T20:21:03.648688+00:00,21697435603.0,22638649787.0,31360352.0,4160382110.0,10189853001.0,16817.0,3622581041.0,125888159.0,0.0,16817.0,54213973.33,59506688.0,54.49,53.08,1.39
wasm_interpreted,8,2025-03-30T20:21:34.531822+00:00,103963917478.0,82372034586.0,59347242.0,41438208872.0,48938214257.0,39260.0,9400122223.0,529597906.0,0.0,39260.0,95949148.6,117284864.0,30.29,30.35,0.33
wasm_interpreted,9,2025-03-30T20:23:03.805832+00:00,96418478397.0,94282605524.0,57102440.0,46831331732.0,46510302278.0,39860.0,11275127501.0,508631450.0,0.0,39860.0,97881258.67,117059584.0,30.72,30.36,0.28
native,7,2025-03-30T20:24:35.471210+00:00,21806827995.0,23247066795.0,32252920.0,4427088048.0,11041047817.0,16967.0,3506916864.0,126860848.0,0.0,16967.0,54707814.4,59346944.0,55.19,53.68,1.18
wasm_aot,9,2025-03-30T20:25:06.619981+00:00,24057208831.0,25312400997.0,31453419.0,4391047773.0,10881482300.0,33692.0,3561288277.0,124117824.0,0.0,33692.0,78165504.0,95600640.0,51.72,49.65,1.74
docker_container,9,2025-03-30T20:25:38.574888+00:00,58761763793.0,70729291905.0,50838280.0,12295323251.0,27624305267.0,18582.0,11729659994.0,139495971.0,35.0,18548.0,61635961.26,66433024.0,51.95,49.65,2.3
docker_container_and_daemon,9,2025-03-30T20:25:38.574888+00:00,70157484536.54001,78018068480.77,51363296.88,15740449027.52,35376777658.520004,19015.08,12863411594.27,155815762.69,35.0,18981.08,100527481.25999999,171188224.0,52.06,49.67,2.3899999999999997
docker_container_and_daemon_extra_overhead,9,2025-03-30T20:25:38.574888+00:00,70155994841.54001,73619784332.77,51353952.88,15182714240.52,32905179936.52,19015.08,12677819663.27,155800973.69,35.0,18981.08,65547641.26,66433024.0,52.06,49.67,2.3899999999999997
docker_container,10,2025-03-30T20:26:44.870347+00:00,57055034218.0,71541002874.0,53682764.0,12046983860.0,27886566385.0,16279.0,12060645137.0,137225036.0,0.0,16277.0,52893598.48,59736064.0,52.84,50.46,2.35
docker_container_and_daemon,10,2025-03-30T20:26:44.870347+00:00,64998782736.57,78903340835.79,53841322.57,15070105572.5,33373402627.86,16280.07,13294800230.21,143761391.0,0.0,16278.07,93231279.55,164491264.0,52.88,50.47,2.38
docker_container_and_daemon_extra_overhead,10,2025-03-30T20:26:44.870347+00:00,64998120469.57,76634551318.79,53833635.57,14173647927.5,30998118810.86,16280.07,12961410367.21,143756739.0,0.0,16278.07,54171823.55,59736064.0,52.88,50.47,2.38
native,8,2025-03-30T20:27:51.364401+00:00,26151900825.0,28826755383.0,33965839.0,4995861645.0,12425596134.0,18592.0,4390503607.0,131851717.0,0.0,18592.0,61210038.86,63352832.0,55.88,54.61,1.27
native,9,2025-03-30T20:28:23.793405+00:00,23815509057.0,27554370691.0,33706992.0,4688468427.0,11098299484.0,18164.0,3837330751.0,135307579.0,1.0,18163.0,50613101.71,61480960.0,62.35,59.93,1.56
native,10,2025-03-30T20:28:55.728866+00:00,26010124004.0,30257421349.0,36855980.0,5963095308.0,13278674753.0,16966.0,4460731228.0,144357359.0,0.0,16966.0,55036781.71,59219968.0,62.33,61.17,1.16
wasm_interpreted,10,2025-03-30T20:29:28.076592+00:00,105859199235.0,92453458275.0,65676527.0,44486748008.0,50031360072.0,41223.0,11113825797.0,546949950.0,45.0,41178.0,98439969.39,118108160.0,31.66,31.22,0.44
wasm_aot,10,2025-03-30T20:31:00.062365+00:00,24235494478.0,26517907475.0,37463751.0,5283975586.0,11055390609.0,33709.0,3889068777.0,133313385.0,101.0,33608.0,81880795.43,102756352.0,59.86,56.91,2.09
wasm_aot,11,2025-03-30T20:31:31.677909+00:00,21569400100.0,24197165832.0,34137703.0,4474889403.0,10237414532.0,33726.0,3268001973.0,129986394.0,0.0,33726.0,74862592.0,95682560.0,47.03,45.85,1.56
native,11,2025-03-30T20:32:03.618710+00:00,21872099825.0,26624669516.0,34954914.0,5092309704.0,11773678459.0,17665.0,3873235426.0,130176084.0,3.0,17662.0,52566308.57,64434176.0,57.34,55.34,1.53
native,12,2025-03-30T20:32:34.606297+00:00,21849240834.0,22616631162.0,29819140.0,4227721895.0,10311430236.0,17664.0,3491748804.0,135209366.0,0.0,17664.0,50732373.33,64380928.0,50.0,48.25,1.15
docker_container,11,2025-03-30T20:33:05.734341+00:00,59195419619.0,74189517390.0,52033236.0,12563693398.0,29594497289.0,18855.0,11972768621.0,151443483.0,217.0,18634.0,66473797.82,72589312.0,51.7,49.65,2.04
docker_container_and_daemon,11,2025-03-30T20:33:05.734341+00:00,67680818047.3,83454787899.53,52535264.61,16412604843.22,36892764549.87,19020.82,13615253166.5,169128099.65,217.0,18799.82,104628447.42,177344512.0,51.790000000000006,49.699999999999996,2.09
docker_container_and_daemon_extra_overhead,11,2025-03-30T20:33:05.734341+00:00,62696020515.3,79016882800.53,52516477.61,14779943461.22,31623353052.87,19020.82,13181679608.5,151443483.0,217.0,18799.82,70631647.42,72589312.0,51.790000000000006,49.699999999999996,2.09
native,13,2025-03-30T20:34:13.006659+00:00,22287187031.0,24990244397.0,37102586.0,5183586714.0,11318129702.0,18604.0,3717493522.0,128819873.0,31.0,18573.0,55870025.14,68128768.0,49.48,48.47,1.31
wasm_aot,12,2025-03-30T20:34:45.441910+00:00,22860106979.0,26222539567.0,34221856.0,4847444892.0,11001439717.0,32935.0,3638170865.0,123931721.0,67.0,32868.0,75874816.0,100220928.0,51.97,50.02,1.6
docker_container,12,2025-03-30T20:35:17.653485+00:00,54654584581.0,69690880558.0,48400459.0,11570255090.0,26506240673.0,16626.0,10620995492.0,139804780.0,0.0,16624.0,54057779.2,59568128.0,48.94,46.73,2.21
docker_container_and_daemon,12,2025-03-30T20:35:17.653485+00:00,63568866355.87,81254962891.33,48866477.39,15848216432.27,33368565879.6,16698.58,12447278034.52,140397716.84,0.0,16696.58,94101784.25,164323328.0,49.019999999999996,46.76,2.26
docker_container_and_daemon_extra_overhead,12,2025-03-30T20:35:17.653485+00:00,63566195927.87,77796462792.33,48842197.39,15848032203.27,33366989429.6,16698.58,11961357129.52,140370848.84,0.0,16696.58,56123672.25,59568128.0,49.019999999999996,46.76,2.26
docker_container,13,2025-03-30T20:36:23.471142+00:00,54683379022.0,69450706411.0,51018730.0,12489913199.0,27400419656.0,17308.0,11268011787.0,136066085.0,0.0,17306.0,55776768.0,60776448.0,48.87,46.65,2.21
docker_container_and_daemon,13,2025-03-30T20:36:23.471142+00:00,56403619534.0,76623434443.0,51136079.33,15188320116.33,29713057862.93,17338.93,12278158942.2,136181194.33,0.0,17336.93,95662080.0,165531648.0,48.9,46.65,2.23
docker_container_and_daemon_extra_overhead,13,2025-03-30T20:36:23.471142+00:00,56403619534.0,76623434443.0,51136079.33,15188320116.33,29713057862.93,17338.93,12278158942.2,136181194.33,0.0,17336.93,55828480.0,60776448.0,48.9,46.65,2.23
wasm_interpreted,11,2025-03-30T20:37:31.441913+00:00,100557667467.0,90254700498.0,69535001.0,47610782254.0,59194992471.0,39865.0,12635054969.0,762086932.0,17.0,39848.0,104086419.06,121909248.0,31.95,31.49,0.33
docker_container,14,2025-03-30T20:39:04.356087+00:00,54567128713.0,66482524704.0,49258272.0,11292240321.0,25469065307.0,16419.0,10613368843.0,142309496.0,1.0,16415.0,53201219.37,60125184.0,48.44,46.31,2.13
docker_container_and_daemon,14,2025-03-30T20:39:04.356087+00:00,62691274831.12,75606065564.12,49495301.94,14783926004.5,29707132466.19,16459.38,11739424926.119999,153972540.44,1.0,16455.38,89378537.02,164880384.0,48.489999999999995,46.330000000000005,2.1599999999999997
docker_container_and_daemon_extra_overhead,14,2025-03-30T20:39:04.356087+00:00,62689332346.12,71580385418.12,49486869.94,14036497125.5,25611823631.19,16459.38,10871381447.119999,153959017.44,1.0,16455.38,53201219.37,60125184.0,48.489999999999995,46.330000000000005,2.1599999999999997
docker_container,15,2025-03-30T20:40:11.233970+00:00,63255740816.0,80192356639.0,53541271.0,14150180681.0,31600194486.0,16894.0,13155707312.0,142539695.0,0.0,16892.0,55382194.09,59629568.0,53.17,50.76,2.41
docker_container_and_daemon,15,2025-03-30T20:40:11.233970+00:00,78376177016.57,94282365476.88,54220252.41,19040048912.6,41347050227.5,16926.35,15229699872.81,195748705.07,1.08,16921.12,92719282.09,164384768.0,53.31,50.8,2.5100000000000002
docker_container_and_daemon_extra_overhead,15,2025-03-30T20:40:11.233970+00:00,78372573203.57,94281312753.88,54200966.41,19039654494.6,41345532091.5,16926.35,15229549002.81,195724431.07,1.08,16921.12,55834802.09,59629568.0,53.31,50.8,2.5100000000000002
wasm_aot,13,2025-03-30T20:41:21.334972+00:00,22164669914.0,24249783733.0,31843819.0,4892628764.0,11808218622.0,33691.0,4081863724.0,123743827.0,0.0,33691.0,77585920.0,95518720.0,51.48,49.61,1.53
docker_container,16,2025-03-30T20:41:53.881154+00:00,61032199948.0,75838147475.0,50358069.0,12856836462.0,27291833291.0,16548.0,11651940608.0,142297622.0,0.0,16547.0,54089995.13,59265024.0,48.69,46.87,1.82
docker_container_and_daemon,16,2025-03-30T20:41:53.881154+00:00,74543400819.14,84495640633.32,50654283.7,15659027005.33,33523556604.31,16551.22,13014855408.09,142542546.31,1.07,16548.07,92250486.92,164020224.0,48.739999999999995,46.89,1.85
docker_container_and_daemon_extra_overhead,16,2025-03-30T20:41:53.881154+00:00,74539189866.14,81328279112.32,50621671.7,14497151137.33,33521138052.31,16551.22,12143471025.09,142512194.31,1.07,16548.07,54628726.92,59265024.0,48.73,46.89,1.84
wasm_aot,14,2025-03-30T20:43:03.982390+00:00,22766539967.0,24281728512.0,32129874.0,4966087331.0,12257480823.0,33692.0,3896621201.0,126194788.0,0.0,33692.0,92669269.33,98541568.0,50.37,48.86,1.06
wasm_interpreted,12,2025-03-30T20:43:36.726572+00:00,84557321138.0,83001188188.0,51782426.0,45143041897.0,39593079428.0,39457.0,10815397285.0,534742002.0,0.0,39457.0,96797562.43,117604352.0,29.82,29.52,0.3
wasm_interpreted,13,2025-03-30T20:45:09.434292+00:00,86513336785.0,90617775854.0,57682359.0,47000237378.0,43371555056.0,39847.0,12328184893.0,544585094.0,0.0,39847.0,100409866.89,120659968.0,30.79,30.44,0.36
native,14,2025-03-30T20:46:41.009207+00:00,21241328773.0,22727842320.0,32227580.0,4656507731.0,10890553372.0,17661.0,3734225819.0,132802113.0,2.0,17659.0,52545243.43,64389120.0,54.54,52.59,1.5
native,15,2025-03-30T20:47:12.560103+00:00,23891997322.0,25932328436.0,38551019.0,4755189979.0,10695218548.0,17162.0,3509760504.0,131091633.0,0.0,17162.0,56025088.0,59314176.0,53.04,51.74,1.3
native,16,2025-03-30T20:47:43.639244+00:00,20512396443.0,22950469239.0,32865359.0,4363114922.0,10704900274.0,16963.0,3714183112.0,137813615.0,0.0,16963.0,45534549.33,59289600.0,54.08,51.93,1.53
wasm_interpreted,14,2025-03-30T20:48:14.609898+00:00,79302972912.0,81578352844.0,54510459.0,43781671102.0,50522401059.0,39813.0,13715222601.0,690623951.0,0.0,39813.0,96509777.7,117186560.0,31.86,31.54,0.32
native,17,2025-03-30T20:49:45.222410+00:00,22664316145.0,25768848649.0,36030484.0,4919539097.0,11738525593.0,18556.0,3613906480.0,117215999.0,2.0,18554.0,52448109.71,65327104.0,53.29,51.53,1.21
wasm_aot,15,2025-03-30T20:50:16.650982+00:00,21468537577.0,23650035559.0,35847093.0,5269375322.0,12597310778.0,33724.0,3866983214.0,135501213.0,0.0,33724.0,77746176.0,95514624.0,50.5,48.53,1.58
wasm_aot,16,2025-03-30T20:50:48.786713+00:00,23574735402.0,25261814035.0,33248033.0,4561225637.0,10925400072.0,33725.0,3722045161.0,136138757.0,0.0,33725.0,74788864.0,95703040.0,53.75,52.07,1.64
wasm_interpreted,15,2025-03-30T20:51:20.410849+00:00,87526915637.0,83055100691.0,57819654.0,53919063448.0,47950996631.0,38700.0,11026446624.0,576194458.0,0.0,38700.0,95884629.33,117116928.0,30.1,29.76,0.33
wasm_aot,17,2025-03-30T20:52:50.214075+00:00,23555718376.0,26174646629.0,33860811.0,4731524937.0,11130642285.0,33723.0,3578290760.0,137424477.0,0.0,33723.0,78189129.14,99602432.0,51.09,49.03,1.63
wasm_aot,18,2025-03-30T20:53:22.574437+00:00,26399603595.0,28839269445.0,45196355.0,5645753916.0,13503704456.0,33722.0,4124958773.0,139300389.0,0.0,33722.0,87470080.0,95834112.0,60.24,58.6,1.25
wasm_aot,19,2025-03-30T20:53:54.565063+00:00,20932728969.0,23029121124.0,31276675.0,4788118774.0,12717054021.0,32942.0,3916119701.0,141428642.0,0.0,32942.0,75360548.57,95723520.0,53.21,51.2,1.53
native,18,2025-03-30T20:54:26.354107+00:00,21347755191.0,24526671499.0,30686511.0,4756348326.0,11591312245.0,18556.0,3913901718.0,149638101.0,0.0,18556.0,51627739.43,63107072.0,53.05,51.15,1.42
wasm_interpreted,16,2025-03-30T20:54:57.610031+00:00,89371598702.0,85151274739.0,58452395.0,42702694343.0,40365041034.0,39961.0,9974777160.0,492593034.0,0.0,39961.0,98080144.7,117030912.0,30.96,30.64,0.24
docker_container,17,2025-03-30T20:56:27.289551+00:00,54575650815.0,66185055495.0,51124219.0,12086975450.0,26255407769.0,17884.0,10351583862.0,152468509.0,0.0,17883.0,61830940.44,67018752.0,48.7,46.7,1.98
docker_container_and_daemon,17,2025-03-30T20:56:27.289551+00:00,66200636040.42,78240208369.95999,51371442.75,16579908307.26,32337807375.1,17946.62,12458033697.4,152683569.45,0.0,17945.62,98397980.44,171773952.0,48.75,46.71,2.02
docker_container_and_daemon_extra_overhead,17,2025-03-30T20:56:27.289551+00:00,66198119624.42,76011823595.95999,51353795.75,15706052806.26,32336848247.1,17946.62,12132931706.4,152656481.45,0.0,17945.62,66113308.44,67018752.0,48.75,46.71,2.02
wasm_interpreted,17,2025-03-30T20:57:31.055230+00:00,103557686896.0,96399060660.0,66216045.0,50723849514.0,52533379035.0,39962.0,9397084623.0,496583585.0,0.0,39962.0,95997254.81,117243904.0,30.1,31.35,0.39
docker_container,18,2025-03-30T20:59:01.871024+00:00,49724958821.0,62630676718.0,44840931.0,11226328067.0,24728680617.0,15939.0,10248429614.0,128785652.0,0.0,15938.0,52560734.32,59842560.0,44.3,42.18,2.12
docker_container_and_daemon,18,2025-03-30T20:59:01.871024+00:00,58266649721.19,76277089223.04001,45077503.0,16404716715.51,32579438525.91,16000.12,12258109480.61,128982669.21,0.0,15999.12,90176935.46000001,164597760.0,44.349999999999994,42.19,2.17
docker_container_and_daemon_extra_overhead,18,2025-03-30T20:59:01.871024+00:00,58263609821.19,76276556287.04001,45051557.0,16404485116.51,32577858305.91,16000.12,12257990609.61,128964759.21,0.0,15999.12,52637095.46,59842560.0,44.349999999999994,42.19,2.17
native,19,2025-03-30T21:00:20.836381+00:00,20407374752.0,22766929767.0,30311412.0,4633225702.0,10073449620.0,16910.0,3314924134.0,115673498.0,0.0,16910.0,50307072.0,63696896.0,49.53,48.56,1.3
native,20,2025-03-30T21:00:52.763458+00:00,19936981514.0,23416639895.0,30591339.0,4265161953.0,10572786101.0,18591.0,3517153654.0,130183328.0,0.0,18591.0,60111530.67,63356928.0,48.35,47.06,1.03
docker_container,19,2025-03-30T21:01:24.751196+00:00,56030035774.0,72417108463.0,54346114.0,12833326497.0,28982756415.0,18029.0,11994203150.0,139835031.0,0.0,18027.0,58664345.6,63750144.0,49.88,47.51,2.36
docker_container_and_daemon,19,2025-03-30T21:01:24.751196+00:00,62733101513.06,82557172650.29001,54530491.18,16943148759.0,34577576369.82,18031.12,13740057281.18,168610259.82,0.0,18029.12,97820285.16,168505344.0,49.92,47.519999999999996,2.3899999999999997
docker_container_and_daemon_extra_overhead,19,2025-03-30T21:01:24.751196+00:00,62733101513.06,82557172650.29001,54530491.18,16943148759.0,34577576369.82,18031.12,13740057281.18,168610259.82,0.0,18029.12,59068029.160000004,63750144.0,49.92,47.519999999999996,2.3899999999999997
wasm_aot,20,2025-03-30T21:02:31.598271+00:00,27273562337.0,27936651213.0,39711491.0,5189860195.0,13125927634.0,33139.0,4392722888.0,144923901.0,0.0,33139.0,78587676.44,95670272.0,61.12,58.88,1.81
wasm_interpreted,18,2025-03-30T21:03:03.890508+00:00,81578098462.0,80485593465.0,56688844.0,52655650246.0,49478036278.0,39462.0,12107781699.0,591536444.0,0.0,39462.0,96356181.33,117071872.0,30.58,30.2,0.38
docker_container,20,2025-03-30T21:04:35.309840+00:00,52714288858.0,65771805339.0,52693989.0,12025486673.0,26577766686.0,16255.0,10888006695.0,136916103.0,0.0,16253.0,52863590.4,59424768.0,50.2,47.92,2.26
docker_container_and_daemon,20,2025-03-30T21:04:35.309840+00:00,63691196154.14,80661426050.04001,53878463.25,16659755592.35,33508035569.38,16278.74,13548198268.1,178420535.66,2.06,16274.67,92497305.6,164179968.0,50.440000000000005,48.03,2.3899999999999997
docker_container_and_daemon_extra_overhead,20,2025-03-30T21:04:35.309840+00:00,63688747220.14,72810813922.04001,53861445.25,14614265800.35,33506964783.38,16278.74,13193763390.1,178400493.66,2.06,16274.67,53257625.6,59424768.0,50.440000000000005,48.03,2.3899999999999997
wasm_interpreted,19,2025-03-30T21:05:40.726736+00:00,80999121323.0,67492754294.0,62976092.0,48997408136.0,52113784537.0,39065.0,11505667841.0,671774181.0,0.0,39065.0,95942089.53,117051392.0,30.55,30.21,0.34
wasm_interpreted,20,2025-03-30T21:07:11.773866+00:00,81251028891.0,83418432875.0,54435502.0,44790633394.0,46283278130.0,39853.0,12395519791.0,588068103.0,0.0,39853.0,96438402.72,117145600.0,30.54,31.72,0.39
