experiment_type,trial_number,start_time,instructions,cpu-cycles,cache-references,cache-misses,page-faults,bus-cycles,branch-instructions,branch-misses,avg_memory_over_time,max_memory_over_time
wasm_aot,1,2025-02-01T14:52:07.110079,34690739912,30346495903,7204071219,60460824,72272,17630563838,5759792714,190423735,262326955,324984832
wasm_interpreted,1,2025-02-01T14:52:27.892196,107301954890,105068963146,31722393900,155529056,153632,51371598718,14127234871,549734885,209576642,358404096
docker_container,1,2025-02-01T14:53:14.627776,68530982372,58793830531,12302120733,74610693,61608,28847213325,11061351507,187152827,217684756,293167104
docker_container_and_daemon,1,2025-02-01T14:53:14.627776,71661218268,71769210059,13832272373,126566153,67970,36140598423,12276844964,1237478763,258062120,328527872
wasm_interpreted,2,2025-02-01T14:54:01.078155,184919103078,176154792536,56267882137,236019111,235388,85891583579,23526298237,952641605,200257093,352292864
wasm_interpreted,3,2025-02-01T14:54:57.815001,261601586960,250269619314,82279359906,316305353,314314,117617876331,32789878019,1369916375,219838584,369147904
wasm_aot,2,2025-02-01T14:55:53.003572,307450469477,292224861678,89933877905,385134633,387969,138879972526,40342275055,1521560080,267132205,349048832
wasm_aot,3,2025-02-01T14:56:20.764569,354057846875,331672058599,98855695584,455723581,461509,159981033010,47855517792,1671759545,275968256,347869184
docker_container,2,2025-02-01T14:56:48.971677,67203389453,53865039165,12411194660,76479110,62003,29316828183,11046684472,155967240,188950889,289808384
docker_container_and_daemon,2,2025-02-01T14:56:48.971677,72317772103,58435890810,13316510582,105507725,66143,31133649099,12204864443,235545399,257204419,324169728
docker_container,3,2025-02-01T14:57:39.698208,74803860816,59756321288,13343311047,77089104,62234,29672386212,11369424428,144933544,153757286,266567680
docker_container_and_daemon,3,2025-02-01T14:57:39.698208,80538628795,63371766453,16130815986,108689240,66075,31949462488,12145577877,178737860,234751681,310784000
docker_container,4,2025-02-01T14:58:28.953180,67067194033,55326652681,12463628021,74722117,62159,28456909272,11599547697,157961998,135421580,272859136
docker_container_and_daemon,4,2025-02-01T14:58:28.953180,71363431467,58438390456,16344791100,84640767,65230,32649433771,15100301440,218497434,229803032,300003328
wasm_aot,4,2025-02-01T14:59:16.895377,424973208240,390030894532,112670654456,538833205,536689,191192803102,59539190141,1829373409,283260140,348000256
wasm_aot,5,2025-02-01T15:00:00.158972,495077437246,449141117128,125205176923,618634934,610758,218938283350,70779312007,1980163452,283128247,338132992
wasm_aot,6,2025-02-01T15:00:44.406497,556849899738,501626834185,137667688335,691564511,684342,245815607308,80957427313,2124564484,280093145,352342016
docker_container,5,2025-02-01T15:01:25.001154,53453468725,48361713686,9623348223,63982836,58757,22497695949,8620183617,149615475,138050839,272629760
docker_container_and_daemon,5,2025-02-01T15:01:25.001154,56882596545,51434506570,10588158671,85398641,65427,24791036518,9167346907,195983320,251235514,316530688
wasm_aot,7,2025-02-01T15:02:19.677170,624012132651,558534746769,149315137025,769331111,758583,274247538336,91975652490,2283093861,253045570,332861440
wasm_interpreted,4,2025-02-01T15:03:02.559263,704477294653,638248441238,179932947557,861353973,838626,314610915671,104392242888,2647806563,238521996,365686784
wasm_interpreted,5,2025-02-01T15:04:13.259707,791512850093,716187344339,209537909076,944828383,919407,353321805122,116614217548,3007558285,224232623,369319936
docker_container,6,2025-02-01T15:05:20.997656,67878365883,55283377693,12082555239,71523438,61567,28567225194,10810809910,139590053,135314227,293224448
docker_container_and_daemon,6,2025-02-01T15:05:20.997656,73335409424,58686047908,13433146927,116339001,68144,43318707349,11877907823,200906469,239962445,274399232
wasm_interpreted,6,2025-02-01T15:06:14.095649,878289371180,804194244073,238494095659,1035731769,999772,394426364635,129638170642,3405427335,224577318,365019136
wasm_aot,8,2025-02-01T15:07:27.241608,946424760811,860664671725,250942973626,1115131960,1073303,423257706139,140690620010,3564389875,287936840,353492992
docker_container,7,2025-02-01T15:08:09.596513,12124102133,15738094496,3375686813,48567048,42421,5285333704,1502631051,72052336,113885184,230608896
docker_container_and_daemon,7,2025-02-01T15:08:09.596513,14383587143,20205112498,8284914823,141846338,47531,5792696869,1760697859,125548740,243440595,275124224
wasm_aot,9,2025-02-01T15:09:04.938503,1015561898522,918017775607,264176594699,1194794298,1147679,453633204018,152031202305,3727138732,278492501,349687808
wasm_interpreted,7,2025-02-01T15:09:48.869723,1107365049142,1008392583607,295621076661,1302413728,1227931,500947316870,165870556287,4134007010,244202455,361488384
wasm_interpreted,8,2025-02-01T15:11:03.471392,1194506288154,1086563743166,324589097100,1388866240,1307534,542492632823,179502259050,4504990133,241399901,370544640
wasm_aot,10,2025-02-01T15:12:13.639986,1268214543278,1147786113043,338021640652,1473387340,1381761,573344087303,190733621465,4665834327,293157923,355012608
wasm_interpreted,9,2025-02-01T15:12:57.133943,1367879510617,1239050004841,371263935034,1568408754,1462404,618615542822,203708343421,5096380926,248657030,379199488
wasm_aot,11,2025-02-01T15:14:10.915765,1432451591498,1292931749490,383612282932,1648753453,1535148,646478974661,214325055068,5247335653,296603648,353787904
docker_container,8,2025-02-01T15:14:52.738293,22203737628,21543145386,4441295133,50195571,49572,10913324760,3429910261,95942609,132904141,245637120
docker_container_and_daemon,8,2025-02-01T15:14:52.738293,30037774643,23050207232,5077498006,228659467,54277,11667349652,3880686370,156520841,240080753,281202688
docker_container,9,2025-02-01T15:15:44.690270,16689317784,18204767228,3305162873,38538206,45735,7828198430,2350663702,70825098,78491136,197005312
docker_container_and_daemon,9,2025-02-01T15:15:44.690270,22342103766,20455082117,4923607890,81095889,50373,13427011017,3297701810,166035989,199846912,238227456
wasm_aot,12,2025-02-01T15:16:29.593739,1499664273072,1348818560627,396147217640,1727360132,1609641,675178598856,225247809675,5404011964,268180745,335409152
docker_container,10,2025-02-01T15:17:13.033107,28738900012,25475455714,6115275820,54543688,53146,13882954169,4711464740,83432388,135906025,260280320
docker_container_and_daemon,10,2025-02-01T15:17:13.033107,33558893562,38540827796,7347167700,162198401,56269,16210031586,5130284344,123735142,246897505,295849984
wasm_interpreted,10,2025-02-01T15:18:06.043522,1582641884017,1430472596637,427958927130,1816988911,1689702,719179686568,239536779732,5778784125,227780065,354103296
docker_container,11,2025-02-01T15:19:22.575981,11890722187,19009869038,2510273630,47428013,42958,6330335899,1552424124,77956772,117234483,219844608
docker_container_and_daemon,11,2025-02-01T15:19:22.575981,18716873218,35737207489,4309153197,164994041,47762,6826209321,1932475860,101176882,237490612,264486912
wasm_aot,13,2025-02-01T15:20:18.720965,1650226686749,1490931323998,440187235684,1898038783,1765153,748942733234,251155276973,5950736603,274775912,341970944
wasm_interpreted,11,2025-02-01T15:21:03.222269,1731815031326,1572578049483,469202248769,1989273298,1844191,785176385189,262836698110,6307515177,237505286,368656384
wasm_interpreted,12,2025-02-01T15:22:15.317734,1819409534975,1658303886823,497089225768,2070033538,1924178,819794761323,274476582250,6684027760,241327531,374644736
docker_container,12,2025-02-01T15:23:27.255098,51985587840,41941739805,9898926195,70706826,57174,23031857274,8459006128,132575370,144158720,275226624
docker_container_and_daemon,12,2025-02-01T15:23:27.255098,57651953826,47051347633,15251750455,236440896,62375,35199635341,9879988108,267352237,257451553,318328832
wasm_interpreted,13,2025-02-01T15:24:23.680125,1910321440610,1743021721541,528352738219,2171056424,2003756,861836151099,287580546571,7042792255,219871107,350797824
docker_container,13,2025-02-01T15:25:40.629435,45120034505,41174065006,8465073320,58573100,56459,19767688784,7480902396,119769742,145658973,271093760
docker_container_and_daemon,13,2025-02-01T15:25:40.629435,50635107476,43318667856,9169966034,226525944,59633,20797388086,8194179507,294228294,246289096,310067200
docker_container,14,2025-02-01T15:26:34.464184,69393448466,56119870035,12511217756,77331570,60993,27613494134,10450144872,129372420,106536277,259473408
docker_container_and_daemon,14,2025-02-01T15:26:34.464184,74105998625,61490032631,13447664461,88768593,66378,29452043970,11291367274,236181424,176956821,262537216
docker_container,15,2025-02-01T15:27:22.967463,7400542253,9388540911,1551191739,26012712,38753,4260139458,805388900,39215533,69000046,160227328
docker_container_and_daemon,15,2025-02-01T15:27:22.967463,10196674600,13192060421,2248503649,33802127,42020,4646969810,1189706833,59165972,177434717,200720384
wasm_aot,14,2025-02-01T15:28:12.572630,1981134737656,1802161663835,540879496343,2252317525,2079489,890954118604,299106691259,7191544789,281721666,352063488
docker_container,16,2025-02-01T15:28:58.712823,2357580866,4547613505,1097094451,34522455,18001,2268131252,266252009,28574613,71390939,127066112
docker_container_and_daemon,16,2025-02-01T15:28:58.712823,4166141396,6624062895,3026040891,82966468,21664,5342613024,456132996,57584029,155662837,166547456
docker_container,17,2025-02-01T15:29:52.170003,66691313589,56872372423,11715059710,78176954,61802,25274044190,10181543043,144659099,89251255,256557056
docker_container_and_daemon,17,2025-02-01T15:29:52.170003,71805907115,60323827601,12647710868,121254948,65611,26811044399,11270015915,172480499,160783336,297111552
wasm_interpreted,14,2025-02-01T15:30:41.964940,2076033532513,1892235939152,571032418893,2348944747,2159881,934699229943,312951186899,7589709753,230366331,357306368
docker_container,18,2025-02-01T15:32:01.457798,19585693422,20867078593,4005811154,40426593,47609,9497566660,2933776640,85964294,91253760,237342720
docker_container_and_daemon,18,2025-02-01T15:32:01.457798,20987146431,28132327878,4293005469,48534746,51102,10186186641,3143662613,92728260,222003461,273395712
wasm_interpreted,15,2025-02-01T15:32:56.686914,2170831477913,1969729219092,597239965721,2436382544,2239150,971374942054,324861735589,7916258246,230415974,352788480
docker_container,19,2025-02-01T15:34:14.872362,64974433992,52155812449,12241868132,78532369,60520,26918066068,10121964580,128282110,118991986,288411648
docker_container_and_daemon,19,2025-02-01T15:34:14.872362,70418933259,56683751970,13476720209,129129083,66436,29254053874,11034399461,141895026,231933451,328986624
wasm_aot,15,2025-02-01T15:35:07.547119,2241343967240,2029528626521,610456414708,2518077134,2313710,1001813645959,336024353574,8074647746,277176047,340594688
docker_container,20,2025-02-01T15:35:53.446083,64446756104,55168068507,12338432915,73468944,61993,27492705223,10448924946,150318362,128930247,289812480
docker_container_and_daemon,20,2025-02-01T15:35:53.446083,69121339003,59167771401,12992477103,83201215,66812,29482215418,11067936238,188790921,235754564,289869824
wasm_aot,16,2025-02-01T15:36:45.868079,2305382953551,2081937756706,622781422531,2597093033,2387954,1031404390919,346330189875,8215492903,266616044,332279808
docker_container,21,2025-02-01T15:37:30.276706,5245025630,6460721408,1335479744,26938940,34416,4557104067,831771373,57160579,87158784,183312384
docker_container_and_daemon,21,2025-02-01T15:37:30.276706,6413475250,7273652197,1703175784,37528366,38383,5277296132,1284445569,96740891,203234979,227762176
wasm_interpreted,16,2025-02-01T15:38:24.589143,2397543571239,2171007185079,653700506360,2693040564,2468147,1076517810768,359598397272,8577033966,237211819,352538624
docker_container,22,2025-02-01T15:39:44.844955,63452700742,54903262630,11276608512,67698885,60764,24939543891,9989296490,146403572,123249550,286031872
docker_container_and_daemon,22,2025-02-01T15:39:44.844955,69935848714,63416019044,12781638780,84577707,67748,28422044219,11126608082,295018351,232265449,326385664
wasm_aot,17,2025-02-01T15:40:39.318433,2461946447030,2224197166422,666023374632,2771412832,2542360,1105138829341,370644173025,8737748513,268444303,345669632
docker_container,23,2025-02-01T15:41:23.958283,13714913488,14929516060,3273645422,33080044,45365,8282012121,2429843650,79956344,107526144,228864000
docker_container_and_daemon,23,2025-02-01T15:41:23.958283,15443979597,16357545056,4365412560,44343282,51197,10490194477,3018877188,140561413,235709599,271134720
wasm_interpreted,17,2025-02-01T15:42:17.798934,2554929795256,2310146376587,696902230458,2865457356,2623798,1148105978885,384018414236,9135980402,245115465,357244928
wasm_interpreted,18,2025-02-01T15:43:35.142644,2646999657809,2400260125245,728031525957,2963366522,2703454,1190032058694,397020052705,9507624505,240682496,374177792
docker_container,24,2025-02-01T15:44:50.278839,64302390826,52244418771,12342915112,79009367,61644,28712885611,10813148462,149380122,121939285,244105216
docker_container_and_daemon,24,2025-02-01T15:44:50.278839,68186240106,54512680504,13489736387,110512536,65818,31957734472,11619651274,190134747,228701434,267186176
wasm_aot,18,2025-02-01T15:45:43.983126,2708760385050,2452504103225,739488896219,3040398365,2776580,1215694877646,406604698094,9665459453,268934223,335298560
wasm_interpreted,19,2025-02-01T15:46:27.505321,2813131749031,2544285136653,768128977750,3145856140,2857898,1261961043479,421166015691,10051907803,241161028,369573888
wasm_interpreted,20,2025-02-01T15:47:44.475319,2893403519782,2624791884192,797195679628,3236869263,2936867,1305987370667,434282339190,10393717445,245021326,370073600
wasm_aot,19,2025-02-01T15:48:58.489657,2965189519754,2684547540242,810621536000,3317365401,3011364,1335841131689,445668225835,10543889428,286156876,349384704
wasm_aot,20,2025-02-01T15:49:41.012931,3033425692905,2744306521369,823733274843,3395499578,3085235,1365001206319,457302391232,10699980277,283891239,349384704
wasm_interpreted,21,2025-02-01T15:50:23.813692,3125896125880,2837206681062,853110941613,3494058570,3165067,1406304887935,468708846973,11106615319,242608755,368279552
wasm_aot,21,2025-02-01T15:51:37.812022,3194550418050,2894375021413,865588619684,3572601869,3238551,1434543496070,479553491788,11255121780,280911569,345661440
wasm_interpreted,22,2025-02-01T15:52:20.992753,3283483085731,2978182068889,896402742401,3667153903,3318594,1477822839219,492581579826,11619055585,234268965,368660480
wasm_interpreted,23,2025-02-01T15:53:35.868007,3369888705945,3053696967711,927971550827,3756103051,3398180,1520697143161,505515266306,12002964582,230441870,365953024
wasm_aot,22,2025-02-01T15:54:47.570510,3438600095652,3112727645387,940879650103,3836399742,3472179,1548515516883,516408787498,12153561132,277940517,347512832
docker_container,25,2025-02-01T15:55:30.808451,10967318057,16042202657,2273094529,40850395,39446,5851953035,1214239451,50782151,92457472,204128256
docker_container_and_daemon,25,2025-02-01T15:55:30.808451,15499201657,28191353677,3141560383,64910545,43569,8070080525,1672020339,80094298,215420127,244707328
wasm_aot,23,2025-02-01T15:56:26.339109,3507676641079,3167646486843,953636905441,3918207089,3546519,1577851869715,527252965616,12294319274,284251174,346271744
wasm_aot,24,2025-02-01T15:57:10.473299,3575304408533,3222981866742,966624522750,3997272227,3620607,1604498030440,537797548764,12437668973,280887788,342065152
docker_container,26,2025-02-01T15:57:53.380413,5903597763,8635670892,1797044774,36721283,32795,4390925002,678696943,66776384,89096777,185774080
docker_container_and_daemon,26,2025-02-01T15:57:53.380413,12763617099,19044173709,3512541904,89640644,37388,6903162749,1282448016,110014226,203628811,226951168
docker_container,27,2025-02-01T15:58:47.843943,66482135923,53977848513,11670543378,79956754,62090,24924846356,10030982538,136972098,89558221,256421888
docker_container_and_daemon,27,2025-02-01T15:58:47.843943,70256175470,57073235434,12334218516,84773288,65647,26418525217,10600295830,147652003,112572749,293961728
docker_container,28,2025-02-01T15:59:37.320772,62676442401,52722982132,11094907480,71502132,60976,24714287480,10027260824,133270229,98422329,258654208
docker_container_and_daemon,28,2025-02-01T15:59:37.320772,67865056897,57880818114,12056035488,92046495,65877,26435156780,10935003172,155357459,197440155,222105600
wasm_aot,25,2025-02-01T16:00:25.458412,3643200296026,3278701415454,979831312778,4077489331,3694954,1633989963641,548911282604,12594267685,282548295,342634496
docker_container,29,2025-02-01T16:01:11.685336,67898829380,55177368590,12073187321,78326680,60928,27380246596,11311097261,139688603,103619072,287453184
docker_container_and_daemon,29,2025-02-01T16:01:11.685336,72905513357,60719783407,13026833637,95469873,66744,29599382230,12318332386,181301125,159863220,322654208
wasm_aot,26,2025-02-01T16:02:07.026237,3713841771539,3340630014859,992759888647,4156236682,3769801,1663692494830,560214629740,12752779738,270241368,333852672
wasm_interpreted,24,2025-02-01T16:02:55.018375,3807418596389,3428585700024,1023117534143,4246542848,3849935,1709463798657,574804076061,13126243381,249671107,366395392
wasm_interpreted,25,2025-02-01T16:04:13.460957,3898598681621,3511765353327,1054963290401,4351591937,3930601,1755281442912,588521037263,13468362410,236434432,367706112
wasm_aot,27,2025-02-01T16:05:28.689196,3968692165388,3569938978049,1068401757791,4434931712,4004181,1784874840943,599288080826,13615289930,283516363,345886720
wasm_interpreted,26,2025-02-01T16:06:11.471297,4061161523036,3661149845357,1098441974645,4533482686,4084117,1830415170402,613629523023,13971659978,239373918,367046656
wasm_interpreted,27,2025-02-01T16:07:27.252007,4148425790898,3744952845436,1127971218433,4629850617,4164363,1874263121428,626569241350,14337039358,238215335,368783360
wasm_interpreted,28,2025-02-01T16:08:39.988386,4240584822486,3830455990529,1158405209344,4720980715,4244948,1918954489878,640028277812,14743775446,234391506,367984640
wasm_interpreted,29,2025-02-01T16:09:53.599224,4330266924361,3916610696735,1187711596534,4813263488,4323842,1960685794501,652432328323,15132681864,231761674,363704320
docker_container,30,2025-02-01T16:11:06.842513,9928815151,11347591404,2254010641,30345811,43077,5136637393,1305170505,57015964,116978574,219271168
docker_container_and_daemon,30,2025-02-01T16:11:06.842513,16304869600,15541169949,3068545196,39080736,47538,7260131985,2050655737,65325957,232943430,264728576
docker_container,31,2025-02-01T16:12:01.407506,69365413026,56856777248,13214991663,76083433,61304,30335207707,11898510580,136439596,89079808,246542336
docker_container_and_daemon,31,2025-02-01T16:12:01.407506,74511569078,64090331490,14197039302,101523066,65944,32604543016,12780911283,151778993,175768075,291483648
wasm_interpreted,30,2025-02-01T16:12:53.310433,4422194428103,4001504281296,1218696654984,4904773405,4404361,2005727625403,666113802967,15475993169,220504373,346247168
wasm_aot,28,2025-02-01T16:14:13.517446,4490067114631,4057236122414,1230630521068,4980387634,4478615,2033596625212,677049810382,15638522754,276947854,346058752
docker_container,32,2025-02-01T16:14:57.329278,71122982474,58139821200,12675212782,77843356,61913,29507431050,11490759518,143296312,100223488,242987008
docker_container_and_daemon,32,2025-02-01T16:14:57.329278,77297588779,62331578134,13502967453,88149618,67302,31062835590,12459618146,171507721,184411904,277086208
wasm_aot,29,2025-02-01T16:15:53.207641,4560316525318,4117187744455,1243428573276,5063902991,4553314,2061812336746,688140254748,15801421901,274467717,339165184
docker_container,33,2025-02-01T16:16:37.547375,8114296747,9801204697,2333441269,35361226,41132,5823923644,1350624534,70161139,107363840,214712320
docker_container_and_daemon,33,2025-02-01T16:16:37.547375,12651624735,15753016996,2940127692,104787623,45074,6396189158,1622163500,81757216,226317267,257429504
wasm_aot,30,2025-02-01T16:17:30.884876,4628783321162,4173318638806,1255386711241,5143569243,4627843,2089032247410,698894901336,15961525124,293435077,335413248
wasm_aot,31,2025-02-01T16:18:17.345525,4700380846619,4230156752096,1269471149328,5224697345,4702215,2118958685730,710220460248,16099162665,282118215,345350144
wasm_interpreted,31,2025-02-01T16:19:03.390683,4794429445245,4318508874623,1299749743773,5317951732,4782400,2165094287009,724573480993,16501769761,242746245,365129728
wasm_aot,32,2025-02-01T16:20:22.019312,4860221784317,4374929238956,1312735626074,5397941975,4856717,2194931306442,736191405080,16661743453,285650641,345473024
wasm_interpreted,32,2025-02-01T16:21:04.575531,4958032905756,4457953891983,1340018833209,5507028862,4936735,2235748981753,749356511933,17044669230,221958827,349171712
wasm_aot,33,2025-02-01T16:22:22.777282,5027225423805,4515095402491,1352410898408,5587671731,5011291,2262301634757,760151773518,17200850735,269326775,343896064
docker_container,34,2025-02-01T16:23:06.624609,26348430941,23946969969,5182245919,46685297,49606,12180268231,4154120206,96185949,111998464,246218752
docker_container_and_daemon,34,2025-02-01T16:23:06.624609,28659758148,25948868280,5578113503,67714238,55090,13189170349,4904881742,180668254,250919413,294289408
wasm_aot,34,2025-02-01T16:24:03.173300,5096891102846,4570764067506,1365076025891,5665660104,5085410,2290062408234,771170800482,17342919838,261445339,335769600
wasm_interpreted,33,2025-02-01T16:24:49.261965,5192569538013,4660188903763,1396437305215,5763537994,5165833,2333295759927,785751141825,17701407839,248298701,367509504
docker_container,35,2025-02-01T16:26:08.307295,59808639877,50927511378,11716846306,69090240,61199,27889507712,10767886486,131680057,128355897,286425088
docker_container_and_daemon,35,2025-02-01T16:26:08.307295,64833985271,56260655008,12924170152,83530338,66843,44608346152,14658206843,160791758,221372044,327204864
wasm_interpreted,34,2025-02-01T16:27:01.409424,5284798337595,4739332413156,1427966050371,5859105000,5246976,2378330575446,798807206658,18038773624,223645445,350269440
docker_container,36,2025-02-01T16:28:19.755414,20871957297,18165033521,4382437921,51604290,47303,9216472971,2959077215,89756663,108748288,236707840
docker_container_and_daemon,36,2025-02-01T16:28:19.755414,25192233499,25335884413,5181034916,101135962,51940,11839318169,3499272095,124536588,239021568,276926464
wasm_aot,35,2025-02-01T16:29:16.090456,5349795177634,4797578142798,1440733429496,5936365997,5321452,2406229900650,809639559636,18202181631,286178597,338862080
docker_container,37,2025-02-01T16:30:02.582943,2608809626,4254151775,757037113,18081108,17219,1905113120,239986057,22643721,74117120,123535360
docker_container_and_daemon,37,2025-02-01T16:30:02.582943,6731416222,4907823711,1276603948,21385547,20169,2213206259,421288426,36579607,155566763,167530496
wasm_aot,36,2025-02-01T16:30:52.708402,5417058912816,4853856516584,1453252877532,6017360691,5395957,2434635212294,820785364933,18368869741,271527790,341143552
wasm_interpreted,35,2025-02-01T16:31:37.249222,5502019365453,4935685913818,1480994110337,6100513643,5475761,2480131505574,834388096620,18740265924,243741234,360734720
wasm_interpreted,36,2025-02-01T16:32:55.776130,5597970550559,5029126004987,1511673953307,6205680037,5555797,2526774120618,848093594993,19149299358,246527237,368791552
wasm_interpreted,37,2025-02-01T16:34:13.858738,5687921160871,5111585548179,1544095025722,6311742282,5636059,2573192867998,861982483091,19494049854,235757655,369475584
docker_container,38,2025-02-01T16:35:29.248055,15109818736,15511871349,3064507354,38674255,45751,7509447449,2116835090,72366746,114272484,227926016
docker_container_and_daemon,38,2025-02-01T16:35:29.248055,20598178561,17120583941,3946431993,46734937,50673,8128554884,2753482673,199281201,238091357,272080896
wasm_interpreted,38,2025-02-01T16:36:22.838173,5777662372934,5202187757879,1573999262115,6410477599,5716549,2621039719659,876405046202,19881101530,230168658,346750976
docker_container,39,2025-02-01T16:37:40.873065,7260350328,10875836156,1665543487,33943626,38238,5415002751,955686055,56722616,93263579,212787200
docker_container_and_daemon,39,2025-02-01T16:37:40.873065,11780939406,14173816558,2734118458,55893714,42421,7211819941,1619655305,83490259,226950165,256065536
wasm_interpreted,39,2025-02-01T16:38:37.401203,5873108635946,5294606465434,1605035563392,6510075011,5797095,2665993405077,889549680938,20280354968,221324446,351797248
wasm_aot,37,2025-02-01T16:39:58.249355,5943159873644,5350417727305,1616794567389,6590244480,5871255,2693251122341,900208426376,20434535764,280951414,354758656
wasm_aot,38,2025-02-01T16:40:42.227096,6012394534863,5406669169271,1630116634031,6672657433,5944945,2723484483702,911701785119,20577184326,288178449,353865728
wasm_interpreted,40,2025-02-01T16:41:28.382940,6099069171586,5492583938356,1660760323391,6771052152,6024849,2767932971494,924517154573,20955338734,241371512,370900992
docker_container,40,2025-02-01T16:42:44.933619,9900666128,10412101048,2742665064,33370131,42960,6430454074,1438262203,58051602,95567287,222691328
docker_container_and_daemon,40,2025-02-01T16:42:44.933619,12207444998,11611725887,3510758730,56590997,49360,7140189056,2055732501,98461950,229062749,265117696
wasm_aot,39,2025-02-01T16:43:38.575305,6168232044342,5551237419012,1672507535159,6853243859,6100225,2794954340564,936280697173,21131890464,259530752,342683648
wasm_aot,40,2025-02-01T16:44:22.685218,6239929109463,5610728787530,1685558090147,6935393529,6173039,2823654997724,947679378626,21274616639,286859405,342331392
wasm_interpreted,41,2025-02-01T16:45:09.171630,6334782292286,5702687498453,1715499727273,7027014366,6253346,2871173863699,963086206182,21649106548,244813342,363376640
docker_container,41,2025-02-01T16:46:25.983120,5998969165,7382349550,1646786309,28636178,38972,4857551564,1410920622,73035602,91912485,215224320
docker_container_and_daemon,41,2025-02-01T16:46:25.983120,9738398145,8334996838,2676301073,50925015,44584,9211322389,1859397024,127827991,230258866,259649536
wasm_interpreted,42,2025-02-01T16:47:22.439120,6419451232265,5783035081500,1746462502325,7111927442,6333808,2912828248909,976010408433,22043424821,230454753,342990848
docker_container,42,2025-02-01T16:48:40.684239,66521392239,55435188916,12203654904,81943582,61713,27489361412,10080008052,147704092,118870016,243412992
docker_container_and_daemon,42,2025-02-01T16:48:40.684239,71536870779,58678587999,12879309087,145429263,67067,33472053253,10792693936,165373146,226810951,253898752
wasm_aot,41,2025-02-01T16:49:33.313114,6486913071729,5838984124419,1759561586647,7191570514,6408984,2940705222310,986908595692,22187392407,263263118,331571200
docker_container,43,2025-02-01T16:50:18.701614,2563142675,5113582943,646676587,21810550,16599,1627820756,339711528,29561464,71645184,121135104
docker_container_and_daemon,43,2025-02-01T16:50:18.701614,10273555993,23536988829,3185857972,66037471,18980,1867466272,1389698813,72128165,156055552,162267136
docker_container,44,2025-02-01T16:51:12.643196,18763113222,17403974933,4410146994,38639165,48308,10816221616,3757615191,96032933,70406144,207757312
docker_container_and_daemon,44,2025-02-01T16:51:12.643196,25293417966,19254433194,5400606306,43296393,53485,12932190262,4666445300,206725956,188301494,245571584
docker_container,45,2025-02-01T16:52:01.991142,2852428584,4482232303,944569389,20729793,27377,3586235268,603420267,62783152,60440576,126763008
docker_container_and_daemon,45,2025-02-01T16:52:01.991142,8815089144,6624590109,2631765541,33014259,30392,6485411545,871529640,121254274,151963219,166211584
wasm_interpreted,43,2025-02-01T16:52:50.633024,6581375176207,5925236185559,1791723931674,7291046305,6489594,2984066601210,1000987254751,22579113150,240133865,352718848
wasm_aot,42,2025-02-01T16:54:09.205976,6647110454754,5979425266655,1803320842835,7366876354,6563040,3009450435439,1011022266564,22726318215,279483351,352559104
wasm_interpreted,44,2025-02-01T16:54:52.574090,6739737901316,6070255146309,1834798212506,7467009963,6643475,3050918378579,1025169266629,23093451581,239712967,375787520
wasm_aot,43,2025-02-01T16:56:09.506019,6807736161793,6128182014425,1847588634308,7545446487,6717243,3078682292721,1036289860560,23237919296,297935000,354664448
docker_container,46,2025-02-01T16:56:53.398316,69439866389,56839887692,12731662559,78416462,60837,27418556283,10393937577,139105726,119616717,285450240
docker_container_and_daemon,46,2025-02-01T16:56:53.398316,78957179866,61587802879,14897097209,86127721,67353,29720884360,11605735087,151733544,223856509,327176192
wasm_aot,44,2025-02-01T16:57:51.222299,6872378013231,6182686941732,1860022006130,7622979151,6791243,3106162612226,1046765971633,23386031722,279383625,345493504
wasm_aot,45,2025-02-01T16:58:35.730722,6944869908935,6240799800441,1873104718166,7702907950,6865598,3135712502688,1058349356691,23538623349,289915426,345534464
wasm_interpreted,45,2025-02-01T16:59:20.815237,7033881769202,6326568456719,1902568488165,7805113100,6946016,3177348621602,1071363616115,23899659375,210913927,343568384
wasm_interpreted,46,2025-02-01T17:00:50.523356,7128992987880,6411679750178,1933522657190,7908210919,7027197,3220911096904,1084471376209,24258823207,228325120,359743488
wasm_interpreted,47,2025-02-01T17:02:08.877587,7215612046854,6493401581049,1964383483556,8009978802,7106740,3266487879939,1099441632076,24634856981,233215090,361533440
wasm_aot,46,2025-02-01T17:03:28.130449,7288365095611,6554916981010,1976785305808,8087704877,7180713,3295344120423,1111331116563,24790702448,283163794,344956928
wasm_aot,47,2025-02-01T17:04:12.571590,7356324818264,6611387768580,1989445361457,8167595344,7254362,3323653392602,1122412757099,24942862055,284874342,344010752
wasm_interpreted,48,2025-02-01T17:04:55.876145,7447016305576,6699835864345,2021648451216,8277156174,7334465,3368904594575,1136456271877,25308623851,237215826,365723648
wasm_aot,48,2025-02-01T17:06:13.456647,7516958010797,6758834569472,2033900239810,8357162039,7408846,3397248295507,1147853469543,25467739675,285421427,344940544
wasm_aot,49,2025-02-01T17:06:57.080579,7589862692035,6816933928017,2046198790510,8439815382,7482889,3425579515353,1158671915163,25617162121,280649880,345808896
wasm_aot,50,2025-02-01T17:07:40.035870,7654465961360,6871829045935,2058521087925,8517267141,7556272,3453725659426,1169591389450,25767386491,280270317,343748608
docker_container,47,2025-02-01T17:08:23.954503,10729525461,12790915206,2500841512,42433071,42377,6371471720,1568105137,77247854,99270144,209829888
docker_container_and_daemon,47,2025-02-01T17:08:23.954503,18300392534,21459508985,3854710675,122995362,47198,6991749409,2083417139,130807811,229599499,262221824
wasm_interpreted,49,2025-02-01T17:09:21.261478,7748272352692,6960831905942,2089644823113,8616414052,7637094,3498903314325,1184115457929,26132768063,220332360,344031232
wasm_interpreted,50,2025-02-01T17:10:40.512381,7851235187951,7054164310447,2121969268324,8713857543,7717814,3543695177326,1198672116132,26523862450,239502276,364457984
docker_container,48,2025-02-01T17:11:57.525372,66247648023,54307902555,11904099525,70596864,61522,25967997107,10209480602,145897060,127678692,290861056
docker_container_and_daemon,48,2025-02-01T17:11:57.525372,73722010487,58294292530,13393052815,84943333,67089,28116969334,11306235949,192016424,237615514,333012992
docker_container,49,2025-02-01T17:12:52.286814,4407784060,5446369357,1542626125,30909028,27910,6453052800,961860911,61284058,59930624,126050304
docker_container_and_daemon,49,2025-02-01T17:12:52.286814,4893105806,6147624110,1714771912,44900046,31226,12899946784,2018013720,165884095,155648293,170815488
docker_container,50,2025-02-01T17:13:38.979095,2750328592,4504151935,655521397,15636867,16519,1797575657,217934318,19342754,45161677,78405632
docker_container_and_daemon,50,2025-02-01T17:13:38.979095,5456709638,5471851449,2014831878,17622561,18583,3216064824,650923746,35845514,118316344,122773504
